{"ben":{"screenName":"ben","encryptedPassword":"penis","nodes":["0JD8Q4MG4B","1NBHUF61UM","RHEZKL0IWS","7BEPPMUNSN","WDMOWGRFXX","9HT4Q2BVKX","OIHDK6AUPD","6VL1FWA79L","9PQZTH6RKV","VC15G2QD12","KFXBCOBIG7","27FZPTER4E","X4JUZ6G43Z","D970I3VUUC","92O8QJMZI3","ZEOY5HWKDF","VU3HL2WJCH"],"suggestedChoices":["0JD8Q4MG4B-huhbehrrmc","0JD8Q4MG4B-ke329n4y0c","1NBHUF61UM-j2ve1paruc","7BEPPMUNSN-ta4nl829u4","WDMOWGRFXX-vkjd76zx9u","9HT4Q2BVKX-6cfgs2wvzc","OIHDK6AUPD-55hbkfym1p","9HT4Q2BVKX-imiumwe9lk","1NBHUF61UM-9al1z3g5mt","9PQZTH6RKV-f01fdtegkr","VC15G2QD12-exaloxku3r","9PQZTH6RKV-bthnl8w40m","27FZPTER4E-hws6ixwbg0","WDMOWGRFXX-ei8wn64hqw","7BEPPMUNSN-f5ei0ejgxk","X4JUZ6G43Z-8b6x5dnj51","D970I3VUUC-huovfz6tcm","92O8QJMZI3-ywdtui52mq","6VL1FWA79L-m6k9lt810t","6VL1FWA79L-pmcyspzrdg"],"liked":{},"disliked":{"1NBHUF61UM-32ov0u216b":"1NBHUF61UM-32ov0u216b"}},"marissa":{"screenName":"marissa","encryptedPassword":"booya","nodes":["7W3W68Y56I","605GDG9J7P"],"suggestedChoices":["0JD8Q4MG4B-x79g0x9lmu","1NBHUF61UM-32ov0u216b"],"liked":{"0JD8Q4MG4B-ke329n4y0c":"0JD8Q4MG4B-ke329n4y0c","0JD8Q4MG4B-x79g0x9lmu":"0JD8Q4MG4B-x79g0x9lmu"},"disliked":{"0JD8Q4MG4B-huhbehrrmc":"0JD8Q4MG4B-huhbehrrmc"}}}