{"0JD8Q4MG4B-huhbehrrmc":{"ID":"0JD8Q4MG4B-huhbehrrmc","from":"0JD8Q4MG4B","action":"Abandon Ship!","to":"1NBHUF61UM","likedBy":{},"dislikedBy":{"marissa":"marissa"},"suggestedBy":"ben"},"0JD8Q4MG4B-ke329n4y0c":{"ID":"0JD8Q4MG4B-ke329n4y0c","from":"0JD8Q4MG4B","action":"Help others get out first!","to":"RHEZKL0IWS","likedBy":{"marissa":"marissa"},"dislikedBy":{},"suggestedBy":"ben"},"1NBHUF61UM-j2ve1paruc":{"ID":"1NBHUF61UM-j2ve1paruc","from":"1NBHUF61UM","action":"Go to debris","to":"7BEPPMUNSN","likedBy":{},"dislikedBy":{},"suggestedBy":"ben"},"7BEPPMUNSN-ta4nl829u4":{"ID":"7BEPPMUNSN-ta4nl829u4","from":"7BEPPMUNSN","action":"Stay vigilant","to":"WDMOWGRFXX","likedBy":{},"dislikedBy":{},"suggestedBy":"ben"},"WDMOWGRFXX-vkjd76zx9u":{"ID":"WDMOWGRFXX-vkjd76zx9u","from":"WDMOWGRFXX","action":"Stay awake","to":"9HT4Q2BVKX","likedBy":{},"dislikedBy":{},"suggestedBy":"ben"},"9HT4Q2BVKX-6cfgs2wvzc":{"ID":"9HT4Q2BVKX-6cfgs2wvzc","from":"9HT4Q2BVKX","action":"Swim to boat","to":"OIHDK6AUPD","likedBy":{},"dislikedBy":{},"suggestedBy":"ben"},"OIHDK6AUPD-55hbkfym1p":{"ID":"OIHDK6AUPD-55hbkfym1p","from":"OIHDK6AUPD","action":"Ok, sleep now","to":"6VL1FWA79L","likedBy":{},"dislikedBy":{},"suggestedBy":"ben"},"9HT4Q2BVKX-imiumwe9lk":{"ID":"9HT4Q2BVKX-imiumwe9lk","from":"9HT4Q2BVKX","action":"Go to sleep","to":"6VL1FWA79L","likedBy":{},"dislikedBy":{},"suggestedBy":"ben"},"1NBHUF61UM-9al1z3g5mt":{"ID":"1NBHUF61UM-9al1z3g5mt","from":"1NBHUF61UM","action":"Life raft","to":"9PQZTH6RKV","likedBy":{},"dislikedBy":{},"suggestedBy":"ben"},"9PQZTH6RKV-f01fdtegkr":{"ID":"9PQZTH6RKV-f01fdtegkr","from":"9PQZTH6RKV","action":"Get off life raft","to":"VC15G2QD12","likedBy":{},"dislikedBy":{},"suggestedBy":"ben"},"VC15G2QD12-exaloxku3r":{"ID":"VC15G2QD12-exaloxku3r","from":"VC15G2QD12","action":"Tread water","to":"KFXBCOBIG7","likedBy":{},"dislikedBy":{},"suggestedBy":"ben"},"9PQZTH6RKV-bthnl8w40m":{"ID":"9PQZTH6RKV-bthnl8w40m","from":"9PQZTH6RKV","action":"Stay on life raft","to":"27FZPTER4E","likedBy":{},"dislikedBy":{},"suggestedBy":"ben"},"27FZPTER4E-hws6ixwbg0":{"ID":"27FZPTER4E-hws6ixwbg0","from":"27FZPTER4E","action":"Tread water","to":"KFXBCOBIG7","likedBy":{},"dislikedBy":{},"suggestedBy":"ben"},"WDMOWGRFXX-ei8wn64hqw":{"ID":"WDMOWGRFXX-ei8wn64hqw","from":"WDMOWGRFXX","action":"Go to sleep","to":"6VL1FWA79L","likedBy":{},"dislikedBy":{},"suggestedBy":"ben"},"7BEPPMUNSN-f5ei0ejgxk":{"ID":"7BEPPMUNSN-f5ei0ejgxk","from":"7BEPPMUNSN","action":"Sleep now","to":"X4JUZ6G43Z","likedBy":{},"dislikedBy":{},"suggestedBy":"ben"},"X4JUZ6G43Z-8b6x5dnj51":{"ID":"X4JUZ6G43Z-8b6x5dnj51","from":"X4JUZ6G43Z","action":"Drink sea water","to":"D970I3VUUC","likedBy":{},"dislikedBy":{},"suggestedBy":"ben"},"D970I3VUUC-huovfz6tcm":{"ID":"D970I3VUUC-huovfz6tcm","from":"D970I3VUUC","action":"Drink more sea water","to":"92O8QJMZI3","likedBy":{},"dislikedBy":{},"suggestedBy":"ben"},"92O8QJMZI3-ywdtui52mq":{"ID":"92O8QJMZI3-ywdtui52mq","from":"92O8QJMZI3","action":"Drink even more sea water","to":"D970I3VUUC","likedBy":{},"dislikedBy":{},"suggestedBy":"ben"},"6VL1FWA79L-m6k9lt810t":{"ID":"6VL1FWA79L-m6k9lt810t","from":"6VL1FWA79L","action":"Explore grove","to":"ZEOY5HWKDF","likedBy":{},"dislikedBy":{},"suggestedBy":"ben"},"6VL1FWA79L-pmcyspzrdg":{"ID":"6VL1FWA79L-pmcyspzrdg","from":"6VL1FWA79L","action":"Build a fire","to":"VU3HL2WJCH","likedBy":{},"dislikedBy":{},"suggestedBy":"ben"},"0JD8Q4MG4B-x79g0x9lmu":{"ID":"0JD8Q4MG4B-x79g0x9lmu","from":"0JD8Q4MG4B","action":"Eat cinnamon rolls","to":"7W3W68Y56I","likedBy":{"marissa":"marissa"},"dislikedBy":{},"suggestedBy":"marissa"},"1NBHUF61UM-32ov0u216b":{"ID":"1NBHUF61UM-32ov0u216b","from":"1NBHUF61UM","action":"Start Screaming for help","to":"605GDG9J7P","likedBy":{},"dislikedBy":{"ben":"ben"},"suggestedBy":"marissa"}}